{
  "我想听适合学习的轻音乐": {
    "before": {
      "count": 1,
      "top1": 0.2593557834625244,
      "top5_min": 0.2593557834625244,
      "top5_max": 0.2593557834625244,
      "top10_min": 0.2593557834625244
    },
    "after": {
      "count": 10,
      "top1": 0.2593557834625244,
      "top5_min": 0.23330122232437134,
      "top5_max": 0.2593557834625244,
      "top10_min": 0.21010041236877441
    },
    "delta": {
      "count": 9,
      "top1": 0.0
    }
  },
  "我现在有点emo，想听安静一点的歌": {
    "before": {
      "count": 1,
      "top1": 0.29501521587371826,
      "top5_min": 0.29501521587371826,
      "top5_max": 0.29501521587371826,
      "top10_min": 0.29501521587371826
    },
    "after": {
      "count": 10,
      "top1": 0.29501521587371826,
      "top5_min": 0.22469496726989746,
      "top5_max": 0.29501521587371826,
      "top10_min": 0.21551084518432617
    },
    "delta": {
      "count": 9,
      "top1": 0.0
    }
  },
  "来点适合夜跑的高能量音乐": {
    "before": {
      "count": 3,
      "top1": 0.3597527742385864,
      "top5_min": 0.3085469603538513,
      "top5_max": 0.3597527742385864,
      "top10_min": 0.3085469603538513
    },
    "after": {
      "count": 10,
      "top1": 0.3597527742385864,
      "top5_min": 0.28971725702285767,
      "top5_max": 0.3597527742385864,
      "top10_min": 0.26957398653030396
    },
    "delta": {
      "count": 7,
      "top1": 0.0
    }
  }
}