{
  "raw_before": {
    "我想听适合学习的轻音乐": {
      "count": 10,
      "top1": 0.3198819160461426,
      "top5_min": 0.3074709177017212,
      "top5_max": 0.3198819160461426,
      "top10_min": 0.24722236394882202
    },
    "我现在有点emo，想听安静一点的歌": {
      "count": 10,
      "top1": 0.40414881706237793,
      "top5_min": 0.31894582509994507,
      "top5_max": 0.40414881706237793,
      "top10_min": 0.2965201139450073
    },
    "来点适合夜跑的高能量音乐": {
      "count": 10,
      "top1": 0.318473756313324,
      "top5_min": 0.2536695599555969,
      "top5_max": 0.318473756313324,
      "top10_min": 0.22962021827697754
    }
  },
  "raw_after": {
    "我想听适合学习的轻音乐": {
      "count": 10,
      "top1": 0.2404271364212036,
      "top5_min": 0.19559919834136963,
      "top5_max": 0.2404271364212036,
      "top10_min": 0.18410885334014893
    },
    "我现在有点emo，想听安静一点的歌": {
      "count": 10,
      "top1": 0.257903516292572,
      "top5_min": 0.21319139003753662,
      "top5_max": 0.257903516292572,
      "top10_min": 0.18343514204025269
    },
    "来点适合夜跑的高能量音乐": {
      "count": 10,
      "top1": 0.21245348453521729,
      "top5_min": 0.18718057870864868,
      "top5_max": 0.21245348453521729,
      "top10_min": 0.1650916337966919
    }
  },
  "tool_before": {
    "我想听适合学习的轻音乐": {
      "count": 9,
      "top1": 0.3633110523223877,
      "top5_min": 0.3242926597595215,
      "top5_max": 0.3633110523223877,
      "top10_min": 0.311585009098053
    },
    "我现在有点emo，想听安静一点的歌": {
      "count": 10,
      "top1": 0.44808143377304077,
      "top5_min": 0.36532700061798096,
      "top5_max": 0.44808143377304077,
      "top10_min": 0.3487383723258972
    },
    "来点适合夜跑的高能量音乐": {
      "count": 2,
      "top1": 0.318473756313324,
      "top5_min": 0.3035010099411011,
      "top5_max": 0.318473756313324,
      "top10_min": 0.3035010099411011
    }
  },
  "tool_after": {
    "我想听适合学习的轻音乐": {
      "count": 1,
      "top1": 0.2593557834625244,
      "top5_min": 0.2593557834625244,
      "top5_max": 0.2593557834625244,
      "top10_min": 0.2593557834625244
    },
    "我现在有点emo，想听安静一点的歌": {
      "count": 1,
      "top1": 0.29501521587371826,
      "top5_min": 0.29501521587371826,
      "top5_max": 0.29501521587371826,
      "top10_min": 0.29501521587371826
    },
    "来点适合夜跑的高能量音乐": {
      "count": 3,
      "top1": 0.3597527742385864,
      "top5_min": 0.3085469603538513,
      "top5_max": 0.3597527742385864,
      "top10_min": 0.3085469603538513
    }
  }
}